

CREATE TABLE customer(
    id INT NOT NULL AUTO_INCREMENT,
    PRIMARY KEY (id),
    name VARCHAR(30),
    surname VARCHAR(30)
);

CREATE TABLE account(
    iban VARCHAR(34) NOT NULL,
    PRIMARY KEY (iban),
    customerid INT,
    FOREIGN KEY (customerid) REFERENCES customer(id),
    balance DECIMAL(15,2),
    currency VARCHAR(3)
);

CREATE TABLE transfer(
    transactionid INT NOT NULL AUTO_INCREMENT,
	PRIMARY KEY (transactionid),
    debtoriban VARCHAR(34) NOT NULL,
	FOREIGN KEY (debtoriban) REFERENCES account(iban),
    creditoriban VARCHAR(34) NOT NULL,
      FOREIGN KEY (creditoriban) REFERENCES account(iban),
	amount DECIMAL(15,2),
    message VARCHAR(255)
);

INSERT INTO customer (name, surname) VALUES
  ('Jan', 'Novak'),
  ('Petr', 'Svoboda'),
  ('Katerina', 'Vesela'),
  ('Tomas', 'Kral'),
  ('Martina', 'Benesova'),
  ('Lukas', 'Prochazka'),
  ('Veronika', 'Horakova'),
  ('Jiri', 'Kovar'),
  ('Lucie', 'Dvorakova'),
  ('David', 'Ruzicka'),
  ('Eva', 'Kolarova'),
  ('Adam', 'Novotny'),
  ('Barbora', 'Hajkova'),
  ('Jakub', 'Kadlec'),
  ('Petra', 'Linhartova'),
  ('Marek', 'Holub'),
  ('Marie', 'Kudlackova'),
  ('Ondrej', 'Pospisil'),
  ('Ivana', 'Svobodova'),
  ('Alex', 'Garcia'),
  ('Jessica', 'Garcia'),
  ('Jacob', 'Wilson'),
  ('Megan', 'Wilson'),
  ('Ryan', 'Anderson'),
  ('Lily', 'Anderson'),
  ('Kevin', 'Thomas'),
  ('Olivia', 'Thomas'),
  ('Luke', 'Jackson'),
  ('Avery', 'Jackson'),
  ('Samuel', 'White'),
  ('Grace', 'White'),
  ('William', 'Harris'),
  ('Chloe', 'Harris'),
  ('Michael', 'Martin'),
  ('Samantha', 'Martin'),
  ('Richard', 'Thompson'),
  ('Natalie', 'Thompson'),
  ('Christopher', 'Moore'),
  ('Lauren', 'Moore'),
  ('Joshua', 'Allen'),
  ('Ashley', 'Allen'),
  ('Andrew', 'Young'),
  ('Hannah', 'Young'),
  ('Edward', 'King'),
  ('Victoria', 'King'),
  ('Henry', 'Wright'),
  ('Madison', 'Wright'),
  ('Nicholas', 'Scott'),
  ('Brianna', 'Scott'),
  ('Robert', 'Green'),
  ('Ava', 'Green'),
  ('Joseph', 'Baker'),
  ('Elizabeth', 'Baker'),
  ('Daniel', 'Nelson'),
  ('Ella', 'Nelson'),
  ('Anthony', 'Carter'),
  ('Mia', 'Carter'),
  ('Donald', 'Mitchell'),
  ('Sophia', 'Mitchell'),
  ('Matthew', 'Perez'),
  ('Isabella', 'Perez');
  
  INSERT INTO account (iban, customerid, balance, currency) VALUES
('CZ6508000000192000145399', 1, 500, 'CZK'),
('CZ9708000000192000145398', 1, 300, 'CZK'),
('CZ7008000000192000145397', 2, 700, 'CZK'),
('CZ8908000000192000145396', 2, 200, 'CZK'),
('CZ7108000000192000145395', 3, 400, 'CZK'),
('CZ9608000000192000145394', 3, 800, 'CZK'),
('CZ7208000000192000145393', 4, 600, 'CZK'),
('CZ8508000000192000145392', 4, 100, 'CZK'),
('CZ7308000000192000145391', 5, 900, 'CZK'),
('CZ7408000000192000145390', 5, 50, 'EUR'),
('DE89370400440532013000BADIUNIA', 6, 753.41, 'EUR'),
('DE84500310001036033902THNSCHM', 6, 418.90, 'EUR'),
('DE83600501017450218224ZWGKIDF', 7, 903.78, 'EUR'),
('DE06796501000093322211LKJSMFN', 7, 625.20, 'EUR'),
('DE05500105174145514844KOSFKLA', 8, 273.09, 'EUR'),
('DE29700111100609843514ZMWPKTY', 8, 802.76, 'EUR'),
('DE19310108389991048527HBRNDTH', 9, 459.10, 'EUR'),
('DE82500222000075714492QTSDXJI', 9, 684.99, 'EUR'),
('DE44100100100012789311NFRKUGF', 10, 878.55, 'EUR'),
('DE02430609674015142043SFTPOJH', 10, 291.78, 'EUR');

INSERT INTO transfer (debtoriban, creditoriban, amount, message) VALUES 
('CZ6508000000192000145399', 'CZ7008000000192000145397', 50, 'Payment for services'),
('DE06796501000093322211LKJSMFN', 'CZ7208000000192000145393', 75, 'Loan repayment'),
('CZ8908000000192000145396', 'DE83600501017450218224ZWGKIDF', 30, 'Gift for birthday'),
('CZ7208000000192000145393', 'CZ7308000000192000145391', 20, 'Coffee with friends'),
('DE44100100100012789311NFRKUGF', 'CZ7308000000192000145391', 40, 'Dinner at restaurant'),
('CZ7108000000192000145395', 'DE19310108389991048527HBRNDTH', 55, 'Shopping at mall'),
('DE06796501000093322211LKJSMFN', 'CZ7108000000192000145395', 80, 'Monthly rent payment'),
('CZ8508000000192000145392', 'DE83600501017450218224ZWGKIDF', 90, 'Electricity bill'),
('DE89370400440532013000BADIUNIA', 'CZ7108000000192000145395', 70, 'Gasoline for car'),
('CZ7108000000192000145395', 'DE89370400440532013000BADIUNIA', 10, 'Small loan');
